{"cameraMode":{"drawMode":0,"name":"Shaded","section":"Shading Mode"},"sceneLighting":false,"audioPlay":false,"sceneViewState":{"m_AlwaysRefresh":false,"showFog":true,"showSkybox":false,"showFlares":true,"showImageEffects":true,"showParticleSystems":true,"showVisualEffectGraphs":true,"m_FxEnabled":true},"in2DMode":false,"pivot":{"x":0.028451181948184968,"y":-1.6637295484542847,"z":10.240829467773438},"rotation":{"x":0.0878070667386055,"y":0.729188084602356,"z":-0.09523385763168335,"w":0.6719940304756165},"size":6.3845930099487309,"orthographic":false}